mode,precision,recall,f1,auc
Supervised only,0.5275562001450327,0.7284105131414268,0.6119230364840711,0.9526024790323203
Anomaly only,0.15844155844155844,0.1832290362953692,0.16993615786419036,0.7037247735794541
Combined (max score),0.3171863199913691,0.7359198998748435,0.44330518697225574,0.9168977156818382
