mode,recall,auc,transactions_caught
Supervised only,0.10349854227405247,0.47423245311119666,71
Anomaly only,0.016034985422740525,0.817086702924108,11
Combined (max score),0.119533527696793,0.7984600895979124,82
